hits	size	module	relpath	snapshot	samples
5	255150	tools.burp_enterprise.recon_dashboard	CaseCrack\tools\burp_enterprise\recon_dashboard.py	C:\Users\ya754\AppData\Roaming\Code\User\History\417a6ff8\HZZz.py	c:\Users\ya754\CaseCrack v1.0\CaseCrack\tools\burp_enterprise\exploit_chains\recon_dashboard.py|c:\Users\ya754\CaseCrack v1.0\CaseCrack\tools\burp_enterprise\recon_dashboard\findings_store.py|c:\Users\ya754\CaseCrack v1.0\CaseCrack\tools\burp_enterprise\recon_dashboard\__init__.py
5	222052	tools.burp_enterprise.compliance	CaseCrack\tools\burp_enterprise\compliance.py	C:\Users\ya754\AppData\Roaming\Code\User\History\4d6d17\wdcY.py	c:\Users\ya754\CaseCrack v1.0\CaseCrack\tools\burp_enterprise\core_infra\compliance_pkg.py|c:\Users\ya754\CaseCrack v1.0\CaseCrack\tools\burp_enterprise\misc\compliance_mapper.py|c:\Users\ya754\CaseCrack v1.0\CaseCrack\tools\burp_enterprise\output\compliance_pkg\data.py
5	154964	tools.burp_enterprise.loop.autonomous_loop	CaseCrack\tools\burp_enterprise\loop\autonomous_loop.py	C:\Users\ya754\AppData\Roaming\Code\User\History\5a3c7faa\VdtT.py	c:\Users\ya754\CaseCrack v1.0\CaseCrack\tests\test_adversarial_upgrades.py|c:\Users\ya754\CaseCrack v1.0\CaseCrack\tests\test_autonomous_loop.py|c:\Users\ya754\CaseCrack v1.0\CaseCrack\tests\test_elite_upgrades.py
5	75312	tools.burp_enterprise.exploit_chains.system_audit_harness	CaseCrack\tools\burp_enterprise\exploit_chains\system_audit_harness.py	C:\Users\ya754\AppData\Roaming\Code\User\History\-4a7d40c9\Sh1o.py	c:\Users\ya754\CaseCrack v1.0\CaseCrack\tests\test_audit_pyramid.py|c:\Users\ya754\CaseCrack v1.0\CaseCrack\tests\test_decision_framework.py|c:\Users\ya754\CaseCrack v1.0\CaseCrack\tests\test_deep_audit_harness.py
5	27099	tools.burp_enterprise.loop.ai_directed_executor	CaseCrack\tools\burp_enterprise\loop\ai_directed_executor.py	C:\Users\ya754\AppData\Roaming\Code\User\History\-158d7ee2\2gXr.py	c:\Users\ya754\CaseCrack v1.0\CaseCrack\tests\test_adversarial_upgrades.py|c:\Users\ya754\CaseCrack v1.0\CaseCrack\tests\test_autonomous_loop.py|c:\Users\ya754\CaseCrack v1.0\CaseCrack\tests\test_elite_upgrades.py
5	8627	tools.burp_enterprise.loop.world_state	CaseCrack\tools\burp_enterprise\loop\world_state.py	C:\Users\ya754\AppData\Roaming\Code\User\History\15a7a579\gKj4.py	c:\Users\ya754\CaseCrack v1.0\CaseCrack\tests\test_adversarial_upgrades.py|c:\Users\ya754\CaseCrack v1.0\CaseCrack\tests\test_autonomous_loop.py|c:\Users\ya754\CaseCrack v1.0\CaseCrack\tests\test_elite_upgrades.py
5	7543	tools.burp_enterprise.loop.loop_config	CaseCrack\tools\burp_enterprise\loop\loop_config.py	C:\Users\ya754\AppData\Roaming\Code\User\History\54446740\YaLz.py	c:\Users\ya754\CaseCrack v1.0\CaseCrack\tests\test_adversarial_upgrades.py|c:\Users\ya754\CaseCrack v1.0\CaseCrack\tests\test_autonomous_loop.py|c:\Users\ya754\CaseCrack v1.0\CaseCrack\tests\test_elite_upgrades.py
3	60939	tools.burp_enterprise.adaptive_exploration_policy	CaseCrack\tools\burp_enterprise\adaptive_exploration_policy.py	C:\Users\ya754\AppData\Roaming\Code\User\History\45ab0925\tJcN.py	c:\Users\ya754\CaseCrack v1.0\CaseCrack\tests\test_adaptive_exploration.py|c:\Users\ya754\CaseCrack v1.0\CaseCrack\tests\test_commercial_autonomous_gaps.py|c:\Users\ya754\CaseCrack v1.0\CaseCrack\tests\test_organism_health_gaps.py
3	22281	tools.burp_enterprise.phase_priority_queue	CaseCrack\tools\burp_enterprise\phase_priority_queue.py	C:\Users\ya754\AppData\Roaming\Code\User\History\f275d18\iyE0.py	c:\Users\ya754\CaseCrack v1.0\CaseCrack\tests\test_adaptive_exploration.py|c:\Users\ya754\CaseCrack v1.0\CaseCrack\tests\test_commercial_autonomous_gaps.py|c:\Users\ya754\CaseCrack v1.0\CaseCrack\tests\test_organism_health_gaps.py
2	48433	tools.burp_enterprise.exploit_chains.audit_pyramid	CaseCrack\tools\burp_enterprise\exploit_chains\audit_pyramid.py	C:\Users\ya754\AppData\Roaming\Code\User\History\6b3bcdcf\SOwl.py	c:\Users\ya754\CaseCrack v1.0\CaseCrack\tests\test_audit_pyramid.py|c:\Users\ya754\CaseCrack v1.0\CaseCrack\tests\test_decision_framework.py
2	35625	tools.burp_enterprise.objective_engine	CaseCrack\tools\burp_enterprise\objective_engine.py	C:\Users\ya754\AppData\Roaming\Code\User\History\597aedca\fryM.py	c:\Users\ya754\CaseCrack v1.0\CaseCrack\tests\test_commercial_autonomous_gaps.py|c:\Users\ya754\CaseCrack v1.0\CaseCrack\tests\test_organism_health_gaps.py
2	23856	tools.burp_enterprise.graph.tracing	CaseCrack\tools\burp_enterprise\graph\tracing.py	C:\Users\ya754\AppData\Roaming\Code\User\History\-d785025\YBG1.py	c:\Users\ya754\CaseCrack v1.0\CaseCrack\tests\test_defense_stack.py|c:\Users\ya754\CaseCrack v1.0\CaseCrack\tests\test_production_hardening.py
2	14608	tools.burp_enterprise.graph.multi_agent.runner	CaseCrack\tools\burp_enterprise\graph\multi_agent\runner.py	C:\Users\ya754\AppData\Roaming\Code\User\History\-3d57cef\JzJg.py	c:\Users\ya754\CaseCrack v1.0\CaseCrack\tests\test_parallel_dispatch.py|c:\Users\ya754\CaseCrack v1.0\CaseCrack\tests\test_production_hardening.py
1	95948	tools.burp_enterprise.production_gaps	CaseCrack\tools\burp_enterprise\production_gaps.py	C:\Users\ya754\AppData\Roaming\Code\User\History\5a466839\McPl.py	c:\Users\ya754\CaseCrack v1.0\CaseCrack\tests\test_production_gaps.py
1	78267	tools.burp_enterprise.exploit_chains.manual_audit_engine	CaseCrack\tools\burp_enterprise\exploit_chains\manual_audit_engine.py	C:\Users\ya754\AppData\Roaming\Code\User\History\12ae87dc\ZTEQ.py	c:\Users\ya754\CaseCrack v1.0\CaseCrack\tests\test_manual_audit_engine.py
1	78137	tools.burp_enterprise.session_auth.session_intelligence	CaseCrack\tools\burp_enterprise\session_auth\session_intelligence.py	C:\Users\ya754\AppData\Roaming\Code\User\History\5d7222d6\S5Kg.py	c:\Users\ya754\CaseCrack v1.0\CaseCrack\tests\test_session_intelligence.py
1	66074	tools.burp_enterprise.agents.llm_advanced_defense	CaseCrack\tools\burp_enterprise\agents\llm_advanced_defense.py	C:\Users\ya754\AppData\Roaming\Code\User\History\21393466\uiau.py	c:\Users\ya754\CaseCrack v1.0\CaseCrack\tests\test_defense_stack.py
1	62409	tools.burp_enterprise.exploit_chains.deep_audit_harness	CaseCrack\tools\burp_enterprise\exploit_chains\deep_audit_harness.py	C:\Users\ya754\AppData\Roaming\Code\User\History\3960351a\XyBx.py	c:\Users\ya754\CaseCrack v1.0\CaseCrack\tests\test_deep_audit_harness.py
1	62152	tools.burp_enterprise.exploit_chains.reality_gap_harness	CaseCrack\tools\burp_enterprise\exploit_chains\reality_gap_harness.py	C:\Users\ya754\AppData\Roaming\Code\User\History\-f52d85d\usQH.py	c:\Users\ya754\CaseCrack v1.0\CaseCrack\tests\test_reality_gap_harness.py
1	60231	tools.burp_enterprise.graph.nodes	CaseCrack\tools\burp_enterprise\graph\nodes.py	C:\Users\ya754\AppData\Roaming\Code\User\History\148e850c\RY4V.py	c:\Users\ya754\CaseCrack v1.0\CaseCrack\tests\test_production_hardening.py
1	54263	tools.burp_enterprise.xss	CaseCrack\tools\burp_enterprise\xss.py	C:\Users\ya754\AppData\Roaming\Code\User\History\2bb45ee4\J16x.py	c:\Users\ya754\CaseCrack v1.0\CaseCrack\tests\test_tier2_exploitability.py
1	53812	tools.burp_enterprise.graph.multi_agent.specialist_nodes	CaseCrack\tools\burp_enterprise\graph\multi_agent\specialist_nodes.py	C:\Users\ya754\AppData\Roaming\Code\User\History\1bc7b6be\xo6q.py	c:\Users\ya754\CaseCrack v1.0\CaseCrack\tests\test_parallel_dispatch.py
1	52085	tools.burp_enterprise.agents.prompt_security	CaseCrack\tools\burp_enterprise\agents\prompt_security.py	C:\Users\ya754\AppData\Roaming\Code\User\History\-16500968\GW3t.py	c:\Users\ya754\CaseCrack v1.0\CaseCrack\tests\test_defense_stack.py
1	48880	tools.burp_enterprise.agents.llm_tracking	CaseCrack\tools\burp_enterprise\agents\llm_tracking.py	C:\Users\ya754\AppData\Roaming\Code\User\History\2ffaaa52\Zeez.py	c:\Users\ya754\CaseCrack v1.0\CaseCrack\tests\test_thread_safety_phase1.py
1	46973	tools.burp_enterprise.exploit_chains.integration_audit	CaseCrack\tools\burp_enterprise\exploit_chains\integration_audit.py	C:\Users\ya754\AppData\Roaming\Code\User\History\8127c8b\Q7gz.py	c:\Users\ya754\CaseCrack v1.0\CaseCrack\tests\test_integration_audit.py
1	41611	tools.burp_enterprise.swarm.agent_roles	CaseCrack\tools\burp_enterprise\swarm\agent_roles.py	C:\Users\ya754\AppData\Roaming\Code\User\History\1c4f7390\6bxk.py	c:\Users\ya754\CaseCrack v1.0\CaseCrack\tests\test_agent_swarm.py
1	39746	tools.burp_enterprise.temporal_stability	CaseCrack\tools\burp_enterprise\temporal_stability.py	C:\Users\ya754\AppData\Roaming\Code\User\History\2af301c6\Gdma.py	c:\Users\ya754\CaseCrack v1.0\CaseCrack\tests\test_temporal_stability.py
1	35355	tools.burp_enterprise.recon_dashboard.chain_execution_loop	CaseCrack\tools\burp_enterprise\recon_dashboard\chain_execution_loop.py	C:\Users\ya754\AppData\Roaming\Code\User\History\2c1ad5be\gyq6.py	c:\Users\ya754\CaseCrack v1.0\CaseCrack\tests\test_execution_planning.py
1	34900	tools.burp_enterprise.exploit_chains.observability	CaseCrack\tools\burp_enterprise\exploit_chains\observability.py	C:\Users\ya754\AppData\Roaming\Code\User\History\-209fee06\Oz4F.py	c:\Users\ya754\CaseCrack v1.0\CaseCrack\tests\test_observability.py
1	34802	tools.burp_enterprise.graph.cross_scan_memory	CaseCrack\tools\burp_enterprise\graph\cross_scan_memory.py	C:\Users\ya754\AppData\Roaming\Code\User\History\-733df9a7\Z93Q.py	c:\Users\ya754\CaseCrack v1.0\CaseCrack\tests\test_production_hardening.py
1	34297	tools.burp_enterprise.loop.invariant_engine	CaseCrack\tools\burp_enterprise\loop\invariant_engine.py	C:\Users\ya754\AppData\Roaming\Code\User\History\19b04050\1aLV.py	c:\Users\ya754\CaseCrack v1.0\CaseCrack\tests\test_adversarial_upgrades.py
1	33798	tools.burp_enterprise.exploit_chains.production_truth_loop	CaseCrack\tools\burp_enterprise\exploit_chains\production_truth_loop.py	C:\Users\ya754\AppData\Roaming\Code\User\History\66c6da3d\0Cui.py	c:\Users\ya754\CaseCrack v1.0\CaseCrack\tests\test_production_truth_loop.py
1	33582	tools.burp_enterprise.swarm.multi_gpu.topology	CaseCrack\tools\burp_enterprise\swarm\multi_gpu\topology.py	C:\Users\ya754\AppData\Roaming\Code\User\History\422e6dc3\taTr.py	c:\Users\ya754\CaseCrack v1.0\CaseCrack\tests\test_multi_gpu.py
1	32803	tools.burp_enterprise.exploit_chains.decision_framework	CaseCrack\tools\burp_enterprise\exploit_chains\decision_framework.py	C:\Users\ya754\AppData\Roaming\Code\User\History\-74997588\TC91.py	c:\Users\ya754\CaseCrack v1.0\CaseCrack\tests\test_decision_framework.py
1	32220	tools.burp_enterprise.exploit_chains.exploit_progression	CaseCrack\tools\burp_enterprise\exploit_chains\exploit_progression.py	C:\Users\ya754\AppData\Roaming\Code\User\History\13da93d4\o8ZM.py	c:\Users\ya754\CaseCrack v1.0\CaseCrack\tests\test_commercial_autonomous_gaps.py
1	32206	tools.burp_enterprise.swarm.swarm	CaseCrack\tools\burp_enterprise\swarm\swarm.py	C:\Users\ya754\AppData\Roaming\Code\User\History\-1316a405\qfhK.py	c:\Users\ya754\CaseCrack v1.0\CaseCrack\tests\test_agent_swarm.py
1	31874	tools.burp_enterprise.agents.llm_intelligence	CaseCrack\tools\burp_enterprise\agents\llm_intelligence.py	C:\Users\ya754\AppData\Roaming\Code\User\History\47c1c44a\GGcp.py	c:\Users\ya754\CaseCrack v1.0\CaseCrack\tests\test_phase_d_llm_guided_execution.py
1	30826	tools.burp_enterprise.graph.multi_agent.supervisor	CaseCrack\tools\burp_enterprise\graph\multi_agent\supervisor.py	C:\Users\ya754\AppData\Roaming\Code\User\History\-1353d127\RkuD.py	c:\Users\ya754\CaseCrack v1.0\CaseCrack\tests\test_parallel_dispatch.py
1	29910	tools.burp_enterprise.attacker_memory	CaseCrack\tools\burp_enterprise\attacker_memory.py	C:\Users\ya754\AppData\Roaming\Code\User\History\184a4bd1\tm2u.py	c:\Users\ya754\CaseCrack v1.0\CaseCrack\tests\test_commercial_autonomous_gaps.py
1	27545	tools.burp_enterprise.swarm.multi_gpu.scheduler	CaseCrack\tools\burp_enterprise\swarm\multi_gpu\scheduler.py	C:\Users\ya754\AppData\Roaming\Code\User\History\-65da485f\ueJO.py	c:\Users\ya754\CaseCrack v1.0\CaseCrack\tests\test_multi_gpu.py
1	27022	tools.burp_enterprise.loop.exploit_report	CaseCrack\tools\burp_enterprise\loop\exploit_report.py	C:\Users\ya754\AppData\Roaming\Code\User\History\1d5daea9\WIdV.py	c:\Users\ya754\CaseCrack v1.0\CaseCrack\tests\test_final_refinements.py
1	26973	tools.burp_enterprise.graph.runner	CaseCrack\tools\burp_enterprise\graph\runner.py	C:\Users\ya754\AppData\Roaming\Code\User\History\5d4d7ba1\6XRu.py	c:\Users\ya754\CaseCrack v1.0\CaseCrack\tests\test_production_hardening.py
1	26817	tools.burp_enterprise.swarm.multi_gpu.messenger	CaseCrack\tools\burp_enterprise\swarm\multi_gpu\messenger.py	C:\Users\ya754\AppData\Roaming\Code\User\History\1db87e49\uspj.py	c:\Users\ya754\CaseCrack v1.0\CaseCrack\tests\test_multi_gpu.py
1	26166	tools.burp_enterprise.loop.target_selection	CaseCrack\tools\burp_enterprise\loop\target_selection.py	C:\Users\ya754\AppData\Roaming\Code\User\History\509dae73\4s3d.py	c:\Users\ya754\CaseCrack v1.0\CaseCrack\tests\test_strategic_operations.py
1	24674	tools.burp_enterprise.loop.signal_extraction	CaseCrack\tools\burp_enterprise\loop\signal_extraction.py	C:\Users\ya754\AppData\Roaming\Code\User\History\7940fe7f\k7yY.py	c:\Users\ya754\CaseCrack v1.0\CaseCrack\tests\test_strategic_operations.py
1	24100	tools.burp_enterprise.loop.payload_evolution	CaseCrack\tools\burp_enterprise\loop\payload_evolution.py	C:\Users\ya754\AppData\Roaming\Code\User\History\3949aad3\4WxP.py	c:\Users\ya754\CaseCrack v1.0\CaseCrack\tests\test_elite_upgrades.py
1	23548	tools.burp_enterprise.loop.confirmation_engine	CaseCrack\tools\burp_enterprise\loop\confirmation_engine.py	C:\Users\ya754\AppData\Roaming\Code\User\History\7ad90e91\mr3b.py	c:\Users\ya754\CaseCrack v1.0\CaseCrack\tests\test_adversarial_upgrades.py
1	23318	tools.burp_enterprise.swarm.multi_gpu.model_sharder	CaseCrack\tools\burp_enterprise\swarm\multi_gpu\model_sharder.py	C:\Users\ya754\AppData\Roaming\Code\User\History\6f3f25a7\hE2E.py	c:\Users\ya754\CaseCrack v1.0\CaseCrack\tests\test_multi_gpu.py
1	22698	tools.burp_enterprise.graph.checkpointer_async	CaseCrack\tools\burp_enterprise\graph\checkpointer_async.py	C:\Users\ya754\AppData\Roaming\Code\User\History\1b072a9f\BzrR.py	c:\Users\ya754\CaseCrack v1.0\CaseCrack\tests\test_production_hardening.py
1	22688	tools.burp_enterprise.loop.attack_graph	CaseCrack\tools\burp_enterprise\loop\attack_graph.py	C:\Users\ya754\AppData\Roaming\Code\User\History\3e81b49a\OXAA.py	c:\Users\ya754\CaseCrack v1.0\CaseCrack\tests\test_elite_upgrades.py
1	22663	tools.burp_enterprise.recon_dashboard.routes_multi_agent	CaseCrack\tools\burp_enterprise\recon_dashboard\routes_multi_agent.py	C:\Users\ya754\AppData\Roaming\Code\User\History\704fffbd\ypQ9.py	c:\Users\ya754\CaseCrack v1.0\CaseCrack\tests\test_multi_agent_integration.py
1	22577	tools.burp_enterprise.loop.session_matrix	CaseCrack\tools\burp_enterprise\loop\session_matrix.py	C:\Users\ya754\AppData\Roaming\Code\User\History\70923c47\b4VJ.py	c:\Users\ya754\CaseCrack v1.0\CaseCrack\tests\test_elite_upgrades.py
1	21359	tools.burp_enterprise.swarm.multi_gpu.governor	CaseCrack\tools\burp_enterprise\swarm\multi_gpu\governor.py	C:\Users\ya754\AppData\Roaming\Code\User\History\597e4b9c\WAeO.py	c:\Users\ya754\CaseCrack v1.0\CaseCrack\tests\test_multi_gpu.py
1	21106	tools.burp_enterprise.loop.campaign_strategy	CaseCrack\tools\burp_enterprise\loop\campaign_strategy.py	C:\Users\ya754\AppData\Roaming\Code\User\History\-389a33e5\Jcjj.py	c:\Users\ya754\CaseCrack v1.0\CaseCrack\tests\test_strategic_operations.py
1	20462	tools.burp_enterprise.loop.vector_reasoning	CaseCrack\tools\burp_enterprise\loop\vector_reasoning.py	C:\Users\ya754\AppData\Roaming\Code\User\History\-527f2ed1\fjVo.py	c:\Users\ya754\CaseCrack v1.0\CaseCrack\tests\test_adversarial_upgrades.py
1	19835	tools.burp_enterprise.swarm.message_bus	CaseCrack\tools\burp_enterprise\swarm\message_bus.py	C:\Users\ya754\AppData\Roaming\Code\User\History\58b7c2b\sMmi.py	c:\Users\ya754\CaseCrack v1.0\CaseCrack\tests\test_agent_swarm.py
1	19783	tools.burp_enterprise.loop.race_engine	CaseCrack\tools\burp_enterprise\loop\race_engine.py	C:\Users\ya754\AppData\Roaming\Code\User\History\25e5802d\yDPv.py	c:\Users\ya754\CaseCrack v1.0\CaseCrack\tests\test_elite_upgrades.py
1	19523	tools.burp_enterprise.swarm.shared_weights	CaseCrack\tools\burp_enterprise\swarm\shared_weights.py	C:\Users\ya754\AppData\Roaming\Code\User\History\6b8d8dba\JeTy.py	c:\Users\ya754\CaseCrack v1.0\CaseCrack\tests\test_agent_swarm.py
1	18141	tools.burp_enterprise.loop.target_specialization	CaseCrack\tools\burp_enterprise\loop\target_specialization.py	C:\Users\ya754\AppData\Roaming\Code\User\History\1f093584\jHxv.py	c:\Users\ya754\CaseCrack v1.0\CaseCrack\tests\test_final_refinements.py
1	17808	tools.burp_enterprise.swarm.gpu_governor	CaseCrack\tools\burp_enterprise\swarm\gpu_governor.py	C:\Users\ya754\AppData\Roaming\Code\User\History\323dd772\Bh95.py	c:\Users\ya754\CaseCrack v1.0\CaseCrack\tests\test_agent_swarm.py
1	15937	tools.burp_enterprise.graph.multi_agent.builder	CaseCrack\tools\burp_enterprise\graph\multi_agent\builder.py	C:\Users\ya754\AppData\Roaming\Code\User\History\-2ef1a30e\K07u.py	c:\Users\ya754\CaseCrack v1.0\CaseCrack\tests\test_parallel_dispatch.py
1	15830	tools.burp_enterprise.loop.value_scorer	CaseCrack\tools\burp_enterprise\loop\value_scorer.py	C:\Users\ya754\AppData\Roaming\Code\User\History\29b97723\vkiS.py	c:\Users\ya754\CaseCrack v1.0\CaseCrack\tests\test_final_refinements.py
1	14894	tools.burp_enterprise.loop.parallel_executor	CaseCrack\tools\burp_enterprise\loop\parallel_executor.py	C:\Users\ya754\AppData\Roaming\Code\User\History\9716d32\enm8.py	c:\Users\ya754\CaseCrack v1.0\CaseCrack\tests\test_adversarial_upgrades.py
1	14380	tools.burp_enterprise.loop.exploration_bias	CaseCrack\tools\burp_enterprise\loop\exploration_bias.py	C:\Users\ya754\AppData\Roaming\Code\User\History\6530481c\iPeM.py	c:\Users\ya754\CaseCrack v1.0\CaseCrack\tests\test_final_refinements.py
1	13469	tools.burp_enterprise.graph.reasoning.runner	CaseCrack\tools\burp_enterprise\graph\reasoning\runner.py	C:\Users\ya754\AppData\Roaming\Code\User\History\-51063690\vwxG.py	c:\Users\ya754\CaseCrack v1.0\CaseCrack\tests\test_production_hardening.py
1	13206	tools.burp_enterprise.loop.graph_pruner	CaseCrack\tools\burp_enterprise\loop\graph_pruner.py	C:\Users\ya754\AppData\Roaming\Code\User\History\-31dc7428\mguY.py	c:\Users\ya754\CaseCrack v1.0\CaseCrack\tests\test_final_refinements.py
1	10667	tools.burp_enterprise.budget_controller	CaseCrack\tools\burp_enterprise\budget_controller.py	C:\Users\ya754\AppData\Roaming\Code\User\History\1b1f9d66\0PMD.py	c:\Users\ya754\CaseCrack v1.0\CaseCrack\tests\test_adaptive_exploration.py
1	10395	tools.burp_enterprise.graph.multi_agent.state	CaseCrack\tools\burp_enterprise\graph\multi_agent\state.py	C:\Users\ya754\AppData\Roaming\Code\User\History\56ce51bc\5cN8.py	c:\Users\ya754\CaseCrack v1.0\CaseCrack\tests\test_parallel_dispatch.py
1	9889	tools.burp_enterprise.graph.multi_agent.handoff	CaseCrack\tools\burp_enterprise\graph\multi_agent\handoff.py	C:\Users\ya754\AppData\Roaming\Code\User\History\68704fcd\VWkp.py	c:\Users\ya754\CaseCrack v1.0\CaseCrack\tests\test_multi_agent_integration.py
1	7378	tools.burp_enterprise.graph.multi_agent.worker_factory	CaseCrack\tools\burp_enterprise\graph\multi_agent\worker_factory.py	C:\Users\ya754\AppData\Roaming\Code\User\History\120a0858\TIPd.py	c:\Users\ya754\CaseCrack v1.0\CaseCrack\tests\test_worker_factory_phase2.py
